分级,媒体名,集团,区域,区县,行业,已知网站,已知公众号名,抖音主页url,微博主页url,快手主页url,公众号ghid,备注
央级,中国日报,,全国,,,chinadaily.com.cn,中国日报,,,,,
央级,中国青年报,,全国,,,cyol.com | zqb.cyol.com,中国青年报,,,,,
央级,中央广播电视总台,,全国,,,cctv.com | cnr.cn | cri.cn,央视新闻 | 央视财经,,,,,
央级,人民日报,,全国,,,paper.people.com.cn | people.com.cn | peopledaily.com.cn,人民日报 | 人民日报评论,,,,,
央级,光明日报,,全国,,,gmw.cn | guangmingdaily.com.cn,光明日报,,,,,
央级,农民日报,,全国,,,farmer.com.cn,农民日报,,,,,
央级,工人日报,,全国,,,workercn.cn,工人日报,,,,,
央级,新华社,,全国,,,news.cn | xinhuanet.com,新华社 | 新华视点,,,,,
央级,求是网,,全国,,,qstheory.cn,求是,,,,,
央级,法治日报,,全国,,,legaldaily.com.cn,法治日报,,,,,
央级,科技日报,,全国,,,stdaily.com,科技日报,,,,,
央级,经济日报,,全国,,,ce.cn | jingjiribao.cn,经济日报,,,,,
省/市级,上游新闻,,重庆,,,cqcb.com,上游新闻,,,,,
省/市级,华龙网,,重庆,,,cqnews.net | hualongw.com,华龙网,,,,,
省/市级,第1眼新闻,,重庆,,,1tv.com.cn,第 1 眼新闻,,,,,
省/市级,美丽重庆,,重庆,,,,美丽重庆,,,,,
省/市级,重庆发布,,重庆,,,,重庆发布,,,,,
省/市级,重庆广电,,重庆,,,cbg.cn,第 1 眼新闻 | 重庆广电,,,,,
省/市级,重庆日报,,重庆,,,cqdsw.cn | cqrb.cn,重庆日报,,,,,
省/市级,重庆晚报,,重庆,,,cqwb.com.cn,重庆晚报,,,,,
行业,中国应急管理报,,,,应急,,中国应急管理报,,,,,
行业,中国建设报,,,,住建,chinajsb.cn,中国建设报,,,,,
行业,中国教育报,,,,教育,jyb.cn,中国教育报,,,,,
行业,中国旅游报,,,,文旅,ctnews.com.cn,中国旅游报,,,,,
行业,中国水利报,,,,水利,slb.com.cn,中国水利报,,,,,
行业,中国消费者报,,,,消费,ccn.com.cn,中国消费者报,,,,,
行业,中国环境报,,,,环境,cenews.com.cn,中国环境 | 中国环境报,,,,,
行业,中国绿色时报,,,,林草/生态,greentimes.com,中国绿色时报,,,,,
行业,中国能源报,,,,能源,cnenergynews.cn,中国能源报,,,,,
行业,中国自然资源报,,,,自然资源,iziran.net,i自然 | i 自然,,,,,
行业,健康报,,,,卫生健康,jkb.com.cn,健康报,,,,,
行业,经济参考报,,,,经济,jjckb.cn,经济参考报,,,,,
区县融媒,万州发布,,重庆,万州区,,,万州发布 | 平湖万州,,,,,
区县融媒,万盛发布,,重庆,万盛经开区,,,万盛发布,,,,,
区县融媒,丰都发布,,重庆,丰都县,,,丰都发布,,,,,
区县融媒,九龙坡发布,,重庆,九龙坡区,,,九龙坡发布,,,,,
区县融媒,云阳融媒,,重庆,云阳县,,,云阳报 | 云阳融媒,,,,,
区县融媒,北碚发布,,重庆,北碚区,,,北碚发布 | 北碚融媒,,,,,
区县融媒,南岸时报,,重庆,南岸区,,,南岸发布 | 南岸时报,,,,,
区县融媒,南川报,,重庆,南川区,,,南川发布 | 南川报,,,,,
区县融媒,合川发布,,重庆,合川区,,,合川发布,,,,,
区县融媒,垫江发布,,重庆,垫江县,,,垫江发布,,,,,
区县融媒,城口发布,,重庆,城口县,,,城口发布,,,,,
区县融媒,大渡口发布,,重庆,大渡口区,,,大渡口发布,,,,,
区县融媒,大足发布,,重庆,大足区,,,大足发布,,,,,
区县融媒,奉节发布,,重庆,奉节县,,,奉节发布,,,,,
区县融媒,巫山发布,,重庆,巫山县,,,巫山发布 | 神女天下,,,,,
区县融媒,巴南发布,,重庆,巴南区,,,巴南发布,,,,,
区县融媒,开州融媒,,重庆,开州区,,,开州日报 | 开州融媒,,,,,
区县融媒,彭水报,,重庆,彭水县,,,彭水发布 | 彭水报,,,,,
区县融媒,忠州新闻,,重庆,忠县,,,忠县发布 | 忠州新闻,,,,,
区县融媒,梁平融媒,,重庆,梁平区,,,梁平发布 | 梁平融媒,,,,,
区县融媒,武隆发布,,重庆,武隆区,,,仙女武隆 | 武隆发布,,,,,
区县融媒,永川发布,,重庆,永川区,,,永川发布,,,,,
区县融媒,江北发布,,重庆,江北区,,,时尚江北 | 江北发布,,,,,
区县融媒,江津融媒,,重庆,江津区,,,几江发布 | 江津融媒,,,,,
区县融媒,沙坪坝发布,,重庆,沙坪坝区,,,沙坪坝发布 | 沙磁汇,,,,,
区县融媒,涪陵发布,,重庆,涪陵区,,,涪陵发布,,,,,
区县融媒,渝中报,,重庆,渝中区,,,渝中发布 | 渝中报,,,,,
区县融媒,渝北发布,,重庆,渝北区,,,渝北发布 | 渝北融媒,,,,,
区县融媒,潼南发布,,重庆,潼南区,,,潼南发布,,,,,
区县融媒,璧山报,,重庆,璧山区,,,璧山发布 | 璧山报,,,,,
区县融媒,石柱发布,,重庆,石柱县,,,石柱发布,,,,,
区县融媒,秀山发布,,重庆,秀山县,,,秀山发布,,,,,
区县融媒,綦江发布,,重庆,綦江区,,,渝南文旅 | 綦江发布,,,,,
区县融媒,荣昌发布,,重庆,荣昌区,,,荣昌发布,,,,,
区县融媒,西部科学城,,重庆,科学城重庆高新区,,,西部科学城重庆高新区 | 重庆高新区,,,,,
区县融媒,酉阳报,,重庆,酉阳县,,,酉阳发布 | 酉阳报,,,,,
区县融媒,重庆两江新区,,重庆,两江新区,,,两江新区发布 | 重庆两江新区,,,,,
区县融媒,铜梁报,,重庆,铜梁区,,,铜梁发布 | 铜梁报,,,,,
区县融媒,长寿发布,,重庆,长寿区,,,长寿发布 | 长寿日报,,,,,
区县融媒,黔江发布,,重庆,黔江区,,,黔江发布 | 黔江日报,,,,,
政务新媒体,万州区生态环境局,,重庆,万州区,环境,,,,,,,
政务新媒体,万盛经开区生态环境局,,重庆,万盛经开区,环境,,,,,,,
政务新媒体,两江新区生态环境局,,重庆,两江新区,环境,,,,,,,
政务新媒体,丰都县生态环境局,,重庆,丰都县,环境,,,,,,,
政务新媒体,九龙坡区生态环境局,,重庆,九龙坡区,环境,,,,,,,
政务新媒体,云阳县生态环境局,,重庆,云阳县,环境,,,,,,,
政务新媒体,北碚区生态环境局,,重庆,北碚区,环境,,,,,,,
政务新媒体,南岸区生态环境局,,重庆,南岸区,环境,,,,,,,
政务新媒体,南川区生态环境局,,重庆,南川区,环境,,,,,,,
政务新媒体,合川区生态环境局,,重庆,合川区,环境,,,,,,,
政务新媒体,垫江县生态环境局,,重庆,垫江县,环境,,,,,,,
政务新媒体,城口县生态环境局,,重庆,城口县,环境,,,,,,,
政务新媒体,大渡口区生态环境局,,重庆,大渡口区,环境,,,,,,,
政务新媒体,大足区生态环境局,,重庆,大足区,环境,,,,,,,
政务新媒体,奉节县生态环境局,,重庆,奉节县,环境,,,,,,,
政务新媒体,巫山县生态环境局,,重庆,巫山县,环境,,,,,,,
政务新媒体,巫溪县生态环境局,,重庆,巫溪县,环境,,,,,,,
政务新媒体,巴南区生态环境局,,重庆,巴南区,环境,,,,,,,
政务新媒体,开州区生态环境局,,重庆,开州区,环境,,,,,,,
政务新媒体,彭水县生态环境局,,重庆,彭水县,环境,,,,,,,
政务新媒体,忠县生态环境局,,重庆,忠县,环境,,,,,,,
政务新媒体,梁平区生态环境局,,重庆,梁平区,环境,,,,,,,
政务新媒体,武隆区生态环境局,,重庆,武隆区,环境,,,,,,,
政务新媒体,永川区生态环境局,,重庆,永川区,环境,,,,,,,
政务新媒体,江北区生态环境局,,重庆,江北区,环境,,,,,,,
政务新媒体,江津区生态环境局,,重庆,江津区,环境,,,,,,,
政务新媒体,沙坪坝区生态环境局,,重庆,沙坪坝区,环境,,,,,,,
政务新媒体,涪陵区生态环境局,,重庆,涪陵区,环境,,,,,,,
政务新媒体,渝中区生态环境局,,重庆,渝中区,环境,,,,,,,
政务新媒体,潼南区生态环境局,,重庆,潼南区,环境,,,,,,,
政务新媒体,璧山区生态环境局,,重庆,璧山区,环境,,,,,,,
政务新媒体,石柱县生态环境局,,重庆,石柱县,环境,,,,,,,
政务新媒体,秀山县生态环境局,,重庆,秀山县,环境,,,,,,,
政务新媒体,科学城重庆高新区生态环境局,,重庆,科学城重庆高新区,环境,,,,,,,
政务新媒体,綦江区生态环境局,,重庆,綦江区,环境,,,,,,,
政务新媒体,荣昌区生态环境局,,重庆,荣昌区,环境,,,,,,,
政务新媒体,酉阳县生态环境局,,重庆,酉阳县,环境,,,,,,,
政务新媒体,重庆市生态环境局,,重庆,,环境,,重庆生态环境,,,,,
政务新媒体,铜梁区生态环境局,,重庆,铜梁区,环境,,,,,,,
政务新媒体,长寿区生态环境局,,重庆,长寿区,环境,,,,,,,
政务新媒体,黔江区生态环境局,,重庆,黔江区,环境,,,,,,,
